Timestamp,StructureCount,SnapOrientation,CycleTimeSeconds,ButtonPressed,ChipStatus,DecisionCorrect
08:37,1,Correct,5.35,Good,Socket,False
09:33,1,Correct,4.41,Good,Socket,False
09:21,1,Correct,3.23,Good,Socket,False
09:22,1,Correct,3.11,Good,Socket,False
09:02,2,Correct,6.30,Good,Socket,False
08:32,3,Correct,8.96,Bad,None,False
08:10,4,Correct,6.76,Good,Socket,False
09:40,1,Correct,4.68,Good,None,True
09:14,2,Incorrect,4.54,Bad,None,False
08:52,3,Correct,2.53,Good,Socket,False
08:21,4,Incorrect,3.03,Good,Socket,False
